{"-1001023340755":{"moderators":{"132509511":"None","194225227":"None","295930180":"None","337169255":"None","352664994":"None","363536686":"None","375991092":"None","382952521":"None","398766290":"None","399022821":"None","401575881":"None","416728467":"None","435271735":"None","450804108":"None","477486368":"None","81795518":"None"},"set_owner":"104678598","settings":{"flood_num":"15","lock_abuse":"no","lock_all":"no","lock_arabic":"no","lock_audio":"no","lock_bot":"no","lock_bye":"no","lock_cmd":"no","lock_contact":"no","lock_document":"no","lock_edit":"no","lock_english":"no","lock_flood":"yes","lock_forward":"yes","lock_gif":"no","lock_inline":"no","lock_link":"yes","lock_photo":"no","lock_spam":"yes","lock_sticker":"no","lock_strict":"no","lock_tag":"no","lock_text":"no","lock_tgservice":"no","lock_username":"no","lock_video":"no","lock_wlc":"no","show_edit":"no"}},"-1001038618297":{"moderators":{"116619445":"None","174929783":"None","206188122":"None","221301530":"None","227498990":"None","251075250":"None","306781383":"None","336700842":"None","360353320":"None","363988513":"None","365748748":"None","372831214":"None","423503504":"None","426303861":"None","439523373":"None","442925838":"None","445118813":"None","449055520":"None","462284478":"None"},"set_owner":"64058300","settings":{"flood_num":"5","lock_abuse":"yes","lock_all":"no","lock_arabic":"no","lock_audio":"no","lock_bot":"yes","lock_bye":"no","lock_cmd":"no","lock_contact":"yes","lock_document":"yes","lock_edit":"yes","lock_english":"no","lock_flood":"yes","lock_forward":"yes","lock_gif":"no","lock_inline":"no","lock_link":"yes","lock_photo":"no","lock_spam":"yes","lock_sticker":"no","lock_strict":"no","lock_tag":"yes","lock_text":"no","lock_tgservice":"no","lock_username":"yes","lock_video":"no","lock_wlc":"yes","show_edit":"no"}},"-1001054989403":{"moderators":{"204797245":"None","247040272":"None","291877516":"None","332946596":"None","333410581":"None","340140849":"None","355632322":"None","365498789":"None","368328986":"None","386786706":"None","391790347":"None","393780277":"None","420967056":"None","422553846":"None","424812090":"None","435332126":"None","436242178":"None","437999390":"None","470081053":"None"},"set_owner":"206163134","settings":{"flood_num":"5","lock_abuse":"yes","lock_all":"no","lock_arabic":"no","lock_audio":"no","lock_bot":"yes","lock_bye":"no","lock_cmd":"no","lock_contact":"yes","lock_document":"no","lock_edit":"yes","lock_english":"yes","lock_flood":"no","lock_forward":"yes","lock_gif":"yes","lock_inline":"yes","lock_link":"yes","lock_photo":"yes","lock_spam":"yes","lock_sticker":"no","lock_strict":"yes","lock_tag":"yes","lock_text":"no","lock_tgservice":"yes","lock_username":"yes","lock_video":"no","lock_wlc":"yes","set_link":"https://t.me/joinchat/DEnMvj7h3FsSpCriKVkt1w","show_edit":"yes"}},"-1001055472567":{"moderators":{"263873508":"None"},"set_owner":"167069404","settings":{"flood_num":"5","lock_abuse":"no","lock_all":"no","lock_arabic":"no","lock_audio":"no","lock_bot":"no","lock_bye":"no","lock_cmd":"no","lock_contact":"no","lock_document":"no","lock_edit":"no","lock_english":"no","lock_flood":"yes","lock_forward":"yes","lock_gif":"no","lock_inline":"no","lock_link":"yes","lock_photo":"no","lock_spam":"yes","lock_sticker":"no","lock_strict":"no","lock_tag":"no","lock_text":"no","lock_tgservice":"yes","lock_username":"no","lock_video":"no","lock_wlc":"no","show_edit":"no"}},"-1001070656458":{"moderators":[],"set_owner":"265451486","settings":{"flood_num":"5","lock_abuse":"no","lock_all":"no","lock_arabic":"no","lock_audio":"no","lock_bot":"yes","lock_bye":"no","lock_cmd":"no","lock_contact":"no","lock_document":"no","lock_edit":"no","lock_english":"no","lock_flood":"yes","lock_forward":"yes","lock_gif":"no","lock_inline":"no","lock_link":"yes","lock_photo":"no","lock_spam":"yes","lock_sticker":"no","lock_strict":"no","lock_tag":"yes","lock_text":"no","lock_tgservice":"yes","lock_username":"yes","lock_video":"no","lock_wlc":"no","set_link":"https://t.me/joinchat/D9J33j_Q68r8FlK8hzLNzA","show_edit":"no"}},"-1001073966582":{"moderators":[],"set_owner":"429513261","settings":{"flood_num":"5","lock_abuse":"yes","lock_all":"no","lock_arabic":"no","lock_audio":"no","lock_bot":"no","lock_bye":"no","lock_cmd":"yes","lock_contact":"yes","lock_document":"no","lock_edit":"no","lock_english":"no","lock_flood":"yes","lock_forward":"yes","lock_gif":"no","lock_inline":"no","lock_link":"yes","lock_photo":"no","lock_spam":"yes","lock_sticker":"no","lock_strict":"no","lock_tag":"yes","lock_text":"no","lock_tgservice":"yes","lock_username":"yes","lock_video":"no","lock_wlc":"no","show_edit":"no"}},"-1001075763614":{"moderators":[],"set_owner":"397536502","settings":{"flood_num":"5","lock_abuse":"no","lock_all":"no","lock_arabic":"no","lock_audio":"no","lock_bot":"no","lock_bye":"no","lock_cmd":"no","lock_contact":"no","lock_document":"no","lock_edit":"no","lock_english":"no","lock_flood":"yes","lock_forward":"yes","lock_gif":"no","lock_inline":"no","lock_link":"yes","lock_photo":"no","lock_spam":"yes","lock_sticker":"no","lock_strict":"no","lock_tag":"no","lock_text":"no","lock_tgservice":"yes","lock_username":"no","lock_video":"no","lock_wlc":"no","show_edit":"no"}},"-1001076057777":{"moderators":{"350040416":"None","389648238":"None","426556758":"None","475564901":"None"},"set_owner":"281227123","settings":{"flood_num":"5","lock_abuse":"no","lock_all":"no","lock_arabic":"no","lock_audio":"no","lock_bot":"no","lock_bye":"no","lock_cmd":"no","lock_contact":"no","lock_document":"no","lock_edit":"no","lock_english":"no","lock_flood":"no","lock_forward":"no","lock_gif":"no","lock_inline":"no","lock_link":"yes","lock_photo":"no","lock_spam":"no","lock_sticker":"no","lock_strict":"no","lock_tag":"no","lock_text":"no","lock_tgservice":"no","lock_username":"no","lock_video":"no","lock_wlc":"yes","set_link":"https://t.me/joinchat/EMMvc0AjVrEpy3tGgQ1jYw","show_edit":"no"}},"-1001079506435":{"moderators":{"161945889":"None"},"set_owner":"439519792","settings":{"flood_num":"5","lock_abuse":"yes","lock_all":"no","lock_arabic":"no","lock_audio":"no","lock_bot":"yes","lock_bye":"no","lock_cmd":"no","lock_contact":"no","lock_document":"no","lock_edit":"no","lock_english":"no","lock_flood":"yes","lock_forward":"yes","lock_gif":"no","lock_inline":"no","lock_link":"yes","lock_photo":"yes","lock_spam":"yes","lock_sticker":"no","lock_strict":"no","lock_tag":"yes","lock_text":"no","lock_tgservice":"yes","lock_username":"no","lock_video":"yes","lock_wlc":"no","show_edit":"no"}},"-1001079939980":{"moderators":[],"set_owner":"252532898","settings":{"flood_num":"5","lock_abuse":"no","lock_all":"no","lock_arabic":"no","lock_audio":"no","lock_bot":"yes","lock_bye":"no","lock_cmd":"no","lock_contact":"no","lock_document":"no","lock_edit":"no","lock_english":"no","lock_flood":"yes","lock_forward":"yes","lock_gif":"yes","lock_inline":"no","lock_link":"yes","lock_photo":"yes","lock_spam":"yes","lock_sticker":"yes","lock_strict":"no","lock_tag":"yes","lock_text":"no","lock_tgservice":"yes","lock_username":"yes","lock_video":"yes","lock_wlc":"yes","set_link":"https://telegram.me/joinchat/Dw1YokBek4yEodYE7vQXbw","show_edit":"no"}},"-1001081333291":{"moderators":[],"set_owner":"0","settings":{"flood_num":"5","lock_abuse":"no","lock_all":"no","lock_arabic":"no","lock_audio":"no","lock_bot":"no","lock_bye":"no","lock_cmd":"no","lock_contact":"no","lock_document":"no","lock_edit":"no","lock_english":"no","lock_flood":"yes","lock_forward":"yes","lock_gif":"no","lock_inline":"no","lock_link":"yes","lock_photo":"no","lock_spam":"yes","lock_sticker":"no","lock_strict":"no","lock_tag":"no","lock_text":"no","lock_tgservice":"yes","lock_username":"no","lock_video":"no","lock_wlc":"no","show_edit":"no"}},"-1001081876321":{"moderators":[],"set_owner":"0","settings":{"flood_num":"5","lock_abuse":"no","lock_all":"no","lock_arabic":"no","lock_audio":"no","lock_bot":"no","lock_bye":"no","lock_cmd":"no","lock_contact":"no","lock_document":"no","lock_edit":"no","lock_english":"no","lock_flood":"yes","lock_forward":"yes","lock_gif":"no","lock_inline":"no","lock_link":"yes","lock_photo":"no","lock_spam":"yes","lock_sticker":"no","lock_strict":"no","lock_tag":"no","lock_text":"no","lock_tgservice":"yes","lock_username":"no","lock_video":"no","lock_wlc":"no","show_edit":"no"}},"-1001083539102":{"moderators":{"245645020":"None","313413631":"None","330175230":"None","360465497":"None","377310124":"None","382414300":"None","384702781":"None","397410810":"None","413376421":"None","417894623":"None"},"set_owner":"459471051","settings":{"flood_num":"5","lock_abuse":"yes","lock_all":"yes","lock_arabic":"no","lock_audio":"no","lock_bot":"yes","lock_bye":"no","lock_cmd":"yes","lock_contact":"no","lock_document":"no","lock_edit":"no","lock_english":"no","lock_flood":"yes","lock_forward":"yes","lock_gif":"yes","lock_inline":"no","lock_link":"yes","lock_photo":"yes","lock_spam":"yes","lock_sticker":"yes","lock_strict":"no","lock_tag":"no","lock_text":"no","lock_tgservice":"yes","lock_username":"no","lock_video":"yes","lock_wlc":"no","set_link":"wait","show_edit":"no"}},"-1001084829547":{"moderators":{"229530848":"None","285021197":"None","350303114":"None","366116919":"None","380777033":"None","382620145":"None","384104540":"AAAAAAHHHHS","392786165":"None","393016010":"None","393806465":"None","394211785":"None","416819300":"None","420061195":"None","430245446":"None","448398729":"None"},"set_owner":"238339276","settings":{"flood_num":"5","lock_abuse":"yes","lock_all":"no","lock_arabic":"no","lock_audio":"no","lock_bot":"yes","lock_bye":"yes","lock_cmd":"no","lock_contact":"yes","lock_document":"yes","lock_edit":"no","lock_english":"yes","lock_flood":"yes","lock_forward":"yes","lock_gif":"yes","lock_inline":"no","lock_link":"yes","lock_photo":"no","lock_spam":"yes","lock_sticker":"no","lock_strict":"no","lock_tag":"yes","lock_text":"no","lock_tgservice":"yes","lock_username":"no","lock_video":"yes","lock_wlc":"yes","set_link":"https://t.me/joinchat/DjTEzECpL2uUZLpvNqqEww","show_edit":"no"}},"-1001085875938":{"moderators":{"430746138":"None"},"set_owner":"0","settings":{"flood_num":"5","lock_abuse":"no","lock_all":"no","lock_arabic":"no","lock_audio":"no","lock_bot":"no","lock_bye":"no","lock_cmd":"no","lock_contact":"no","lock_document":"no","lock_edit":"no","lock_english":"no","lock_flood":"yes","lock_forward":"yes","lock_gif":"no","lock_inline":"no","lock_link":"yes","lock_photo":"no","lock_spam":"yes","lock_sticker":"no","lock_strict":"no","lock_tag":"no","lock_text":"no","lock_tgservice":"yes","lock_username":"no","lock_video":"no","lock_wlc":"no","show_edit":"no"}},"-1001087711320":{"moderators":{"182511885":"None","207707675":"None","242296024":"None","292807734":"None","302566974":"None","336339180":"None","401579940":"None","407647772":"None","412182511":"None","462517032":"None","463256312":"None"},"set_owner":"183761908","settings":{"flood_num":"5","lock_abuse":"yes","lock_all":"no","lock_arabic":"no","lock_audio":"yes","lock_bot":"yes","lock_bye":"no","lock_cmd":"yes","lock_contact":"no","lock_document":"yes","lock_edit":"no","lock_english":"yes","lock_flood":"yes","lock_forward":"yes","lock_gif":"yes","lock_inline":"yes","lock_link":"yes","lock_photo":"yes","lock_spam":"yes","lock_sticker":"yes","lock_strict":"no","lock_tag":"no","lock_text":"no","lock_tgservice":"yes","lock_username":"yes","lock_video":"no","lock_wlc":"no","set_link":"https://telegram.me/joinchat/CvP79EDVKFhq75TBsxw7UA","show_edit":"no"}},"-1001088579226":{"moderators":{"267183908":"None","318104977":"None"},"set_owner":"441242468","settings":{"flood_num":"5","lock_abuse":"yes","lock_all":"no","lock_arabic":"no","lock_audio":"yes","lock_bot":"yes","lock_bye":"no","lock_cmd":"no","lock_contact":"yes","lock_document":"no","lock_edit":"no","lock_english":"yes","lock_flood":"yes","lock_forward":"yes","lock_gif":"yes","lock_inline":"no","lock_link":"yes","lock_photo":"yes","lock_spam":"yes","lock_sticker":"yes","lock_strict":"yes","lock_tag":"yes","lock_text":"no","lock_tgservice":"yes","lock_username":"yes","lock_video":"yes","lock_wlc":"yes","show_edit":"no"}},"-1001091335050":{"moderators":[],"set_owner":"172301258","settings":{"flood_num":"5","lock_abuse":"yes","lock_all":"no","lock_arabic":"no","lock_audio":"no","lock_bot":"yes","lock_bye":"no","lock_cmd":"no","lock_contact":"no","lock_document":"yes","lock_edit":"no","lock_english":"no","lock_flood":"yes","lock_forward":"yes","lock_gif":"no","lock_inline":"no","lock_link":"yes","lock_photo":"no","lock_spam":"yes","lock_sticker":"no","lock_strict":"no","lock_tag":"yes","lock_text":"no","lock_tgservice":"yes","lock_username":"yes","lock_video":"yes","lock_wlc":"no","show_edit":"no"}},"-1001093273562":{"moderators":{"196665332":"None","239698024":"None","244172712":"None","318811883":"None","392786165":"GP_WallE_Bot","476169051":"None"},"set_owner":"260635876","settings":{"flood_num":"5","lock_abuse":"no","lock_all":"no","lock_arabic":"no","lock_audio":"yes","lock_bot":"yes","lock_bye":"yes","lock_cmd":"no","lock_contact":"yes","lock_document":"no","lock_edit":"no","lock_english":"yes","lock_flood":"yes","lock_forward":"yes","lock_gif":"yes","lock_inline":"no","lock_link":"yes","lock_photo":"yes","lock_spam":"yes","lock_sticker":"no","lock_strict":"no","lock_tag":"no","lock_text":"no","lock_tgservice":"yes","lock_username":"no","lock_video":"yes","lock_wlc":"yes","set_link":"https://t.me/joinchat/D4j85EEqB9owV4q2pb9ENw","show_edit":"no"}},"-1001096153521":{"moderators":[],"set_owner":"256323881","settings":{"flood_num":"5","lock_abuse":"no","lock_all":"no","lock_arabic":"no","lock_audio":"no","lock_bot":"no","lock_bye":"no","lock_cmd":"no","lock_contact":"no","lock_document":"no","lock_edit":"no","lock_english":"no","lock_flood":"yes","lock_forward":"yes","lock_gif":"no","lock_inline":"no","lock_link":"yes","lock_photo":"no","lock_spam":"yes","lock_sticker":"yes","lock_strict":"no","lock_tag":"no","lock_text":"no","lock_tgservice":"yes","lock_username":"no","lock_video":"no","lock_wlc":"no","show_edit":"no"}},"-1001097174571":{"moderators":[],"set_owner":"399747594","settings":{"flood_num":"5","lock_abuse":"no","lock_all":"no","lock_arabic":"no","lock_audio":"no","lock_bot":"no","lock_bye":"no","lock_cmd":"no","lock_contact":"no","lock_document":"no","lock_edit":"no","lock_english":"no","lock_flood":"no","lock_forward":"no","lock_gif":"no","lock_inline":"no","lock_link":"yes","lock_photo":"no","lock_spam":"no","lock_sticker":"no","lock_strict":"no","lock_tag":"yes","lock_text":"no","lock_tgservice":"yes","lock_username":"yes","lock_video":"no","lock_wlc":"no","show_edit":"no"}},"-1001099187195":{"moderators":[],"set_owner":"214133252","settings":{"flood_num":"5","lock_abuse":"no","lock_all":"no","lock_arabic":"no","lock_audio":"yes","lock_bot":"no","lock_bye":"no","lock_cmd":"yes","lock_contact":"no","lock_document":"no","lock_edit":"no","lock_english":"no","lock_flood":"no","lock_forward":"no","lock_gif":"yes","lock_inline":"yes","lock_link":"yes","lock_photo":"yes","lock_spam":"no","lock_sticker":"yes","lock_strict":"no","lock_tag":"yes","lock_text":"no","lock_tgservice":"yes","lock_username":"yes","lock_video":"no","lock_wlc":"yes","show_edit":"no"}},"-1001100166894":{"moderators":[],"set_owner":"132990044","settings":{"flood_num":"5","lock_abuse":"no","lock_all":"no","lock_arabic":"no","lock_audio":"no","lock_bot":"yes","lock_bye":"no","lock_cmd":"no","lock_contact":"no","lock_document":"no","lock_edit":"no","lock_english":"no","lock_flood":"yes","lock_forward":"yes","lock_gif":"no","lock_inline":"no","lock_link":"yes","lock_photo":"yes","lock_spam":"yes","lock_sticker":"no","lock_strict":"no","lock_tag":"no","lock_text":"no","lock_tgservice":"yes","lock_username":"no","lock_video":"yes","lock_wlc":"no","set_link":"wait","show_edit":"no"}},"-1001101789998":{"moderators":{"175000032":"None","282900019":"None","287219318":"Clean_linksbot","327581605":"None","342008889":"None","354431724":"None","395123395":"None","402572635":"None"},"set_owner":"220435471","settings":{"flood_num":"5","lock_abuse":"yes","lock_all":"no","lock_arabic":"no","lock_audio":"no","lock_bot":"yes","lock_bye":"no","lock_cmd":"no","lock_contact":"yes","lock_document":"no","lock_edit":"yes","lock_english":"no","lock_flood":"yes","lock_forward":"yes","lock_gif":"no","lock_inline":"yes","lock_link":"yes","lock_photo":"no","lock_spam":"yes","lock_sticker":"no","lock_strict":"no","lock_tag":"yes","lock_text":"no","lock_tgservice":"yes","lock_username":"yes","lock_video":"no","lock_wlc":"no","set_link":"https://t.me/joinchat/DSOUD0Gr-y7q6D7FOyQKNA","show_edit":"no"}},"-1001102306961":{"moderators":{"447661755":"None"},"set_owner":"410025656","settings":{"flood_num":"5","lock_abuse":"no","lock_all":"no","lock_arabic":"no","lock_audio":"no","lock_bot":"yes","lock_bye":"no","lock_cmd":"no","lock_contact":"no","lock_document":"no","lock_edit":"no","lock_english":"no","lock_flood":"yes","lock_forward":"yes","lock_gif":"no","lock_inline":"no","lock_link":"yes","lock_photo":"no","lock_spam":"yes","lock_sticker":"no","lock_strict":"no","lock_tag":"yes","lock_text":"no","lock_tgservice":"yes","lock_username":"yes","lock_video":"no","lock_wlc":"no","set_link":"https://t.me/joinchat/GHB-uEGz3pHmOgsq96k8Vw","show_edit":"no"}},"-1001103733385":{"moderators":{"256660323":"None","305426046":"None","388242331":"None","406685971":"None","408684184":"None"},"set_owner":"410622333","settings":{"flood_num":"5","lock_abuse":"yes","lock_all":"no","lock_arabic":"no","lock_audio":"yes","lock_bot":"yes","lock_bye":"no","lock_cmd":"no","lock_contact":"no","lock_document":"yes","lock_edit":"no","lock_english":"yes","lock_flood":"yes","lock_forward":"no","lock_gif":"yes","lock_inline":"no","lock_link":"yes","lock_photo":"yes","lock_spam":"yes","lock_sticker":"yes","lock_strict":"no","lock_tag":"no","lock_text":"no","lock_tgservice":"no","lock_username":"no","lock_video":"yes","lock_wlc":"yes","set_link":"https://t.me/joinchat/GHmZfUHJoonxSuLuJ_acLw","show_edit":"no"}},"-1001104196291":{"moderators":[],"set_owner":"0","settings":{"flood_num":"5","lock_abuse":"no","lock_all":"no","lock_arabic":"no","lock_audio":"no","lock_bot":"no","lock_bye":"no","lock_cmd":"no","lock_contact":"no","lock_document":"no","lock_edit":"no","lock_english":"no","lock_flood":"no","lock_forward":"yes","lock_gif":"no","lock_inline":"no","lock_link":"no","lock_photo":"no","lock_spam":"no","lock_sticker":"yes","lock_strict":"no","lock_tag":"no","lock_text":"no","lock_tgservice":"no","lock_username":"no","lock_video":"no","lock_wlc":"no","show_edit":"no"}},"-1001106470591":{"moderators":{"357034170":"None","401167757":"None","438309465":"None","459471051":"None"},"set_owner":"417659222","settings":{"flood_num":"5","lock_abuse":"no","lock_all":"no","lock_arabic":"no","lock_audio":"yes","lock_bot":"no","lock_bye":"no","lock_cmd":"no","lock_contact":"no","lock_document":"no","lock_edit":"no","lock_english":"no","lock_flood":"no","lock_forward":"yes","lock_gif":"no","lock_inline":"yes","lock_link":"yes","lock_photo":"no","lock_spam":"yes","lock_sticker":"no","lock_strict":"no","lock_tag":"yes","lock_text":"no","lock_tgservice":"yes","lock_username":"no","lock_video":"no","lock_wlc":"no","show_edit":"no"}},"-1001106513520":{"moderators":{"122582283":"None","228598764":"None","284441544":"None","295242158":"None","314854470":"None","339071729":"None","361887461":"None","362742691":"None","375862395":"None","387235315":"None","405597514":"None","417165496":"None","440009071":"None","442284407":"None"},"set_owner":"303395508","settings":{"flood_num":"5","lock_abuse":"yes","lock_all":"no","lock_arabic":"no","lock_audio":"no","lock_bot":"no","lock_bye":"no","lock_cmd":"no","lock_contact":"yes","lock_document":"no","lock_edit":"no","lock_english":"no","lock_flood":"yes","lock_forward":"yes","lock_gif":"no","lock_inline":"no","lock_link":"no","lock_photo":"yes","lock_spam":"yes","lock_sticker":"no","lock_strict":"no","lock_tag":"no","lock_text":"no","lock_tgservice":"yes","lock_username":"no","lock_video":"yes","lock_wlc":"no","show_edit":"no"}},"-1001106709893":{"moderators":[],"set_owner":"447203515","settings":{"flood_num":"5","lock_abuse":"no","lock_all":"no","lock_arabic":"no","lock_audio":"no","lock_bot":"yes","lock_bye":"no","lock_cmd":"no","lock_contact":"yes","lock_document":"no","lock_edit":"no","lock_english":"no","lock_flood":"yes","lock_forward":"yes","lock_gif":"yes","lock_inline":"no","lock_link":"yes","lock_photo":"yes","lock_spam":"yes","lock_sticker":"yes","lock_strict":"no","lock_tag":"yes","lock_text":"no","lock_tgservice":"no","lock_username":"yes","lock_video":"yes","lock_wlc":"no","show_edit":"no"}},"-1001106810506":{"moderators":[],"set_owner":"393270592","settings":{"flood_num":"5","lock_abuse":"yes","lock_all":"no","lock_arabic":"no","lock_audio":"yes","lock_bot":"no","lock_bye":"no","lock_cmd":"no","lock_contact":"no","lock_document":"no","lock_edit":"no","lock_english":"no","lock_flood":"yes","lock_forward":"yes","lock_gif":"yes","lock_inline":"no","lock_link":"yes","lock_photo":"yes","lock_spam":"yes","lock_sticker":"yes","lock_strict":"no","lock_tag":"yes","lock_text":"no","lock_tgservice":"yes","lock_username":"no","lock_video":"no","lock_wlc":"no","show_edit":"no"}},"-1001107094929":{"moderators":{"359635500":"None","380293953":"None","410671322":"None"},"set_owner":"195922146","settings":{"flood_num":"5","lock_abuse":"no","lock_all":"no","lock_arabic":"no","lock_audio":"no","lock_bot":"yes","lock_bye":"no","lock_cmd":"no","lock_contact":"no","lock_document":"yes","lock_edit":"no","lock_english":"no","lock_flood":"yes","lock_forward":"yes","lock_gif":"no","lock_inline":"no","lock_link":"yes","lock_photo":"no","lock_spam":"yes","lock_sticker":"no","lock_strict":"no","lock_tag":"yes","lock_text":"no","lock_tgservice":"yes","lock_username":"yes","lock_video":"yes","lock_wlc":"no","set_link":"https://t.me/joinchat/GHpY2kH87ZEGO4VW4LP9TA","show_edit":"no"}},"-1001110523809":{"moderators":{"407718488":"None"},"set_owner":"70483656","settings":{"flood_num":"5","lock_abuse":"no","lock_all":"no","lock_arabic":"no","lock_audio":"yes","lock_bot":"no","lock_bye":"no","lock_cmd":"no","lock_contact":"no","lock_document":"no","lock_edit":"no","lock_english":"no","lock_flood":"yes","lock_forward":"yes","lock_gif":"yes","lock_inline":"no","lock_link":"no","lock_photo":"no","lock_spam":"yes","lock_sticker":"no","lock_strict":"no","lock_tag":"yes","lock_text":"no","lock_tgservice":"yes","lock_username":"no","lock_video":"yes","lock_wlc":"no","set_link":"wait","show_edit":"no"}},"-1001110592769":{"moderators":[],"set_owner":"0","settings":{"flood_num":"5","lock_abuse":"no","lock_all":"yes","lock_arabic":"no","lock_audio":"no","lock_bot":"no","lock_bye":"no","lock_cmd":"no","lock_contact":"no","lock_document":"no","lock_edit":"no","lock_english":"no","lock_flood":"yes","lock_forward":"yes","lock_gif":"no","lock_inline":"no","lock_link":"yes","lock_photo":"no","lock_spam":"yes","lock_sticker":"no","lock_strict":"no","lock_tag":"no","lock_text":"no","lock_tgservice":"yes","lock_username":"no","lock_video":"no","lock_wlc":"no","show_edit":"no"}},"-1001111767659":{"moderators":[],"set_owner":"0","settings":{"flood_num":"5","lock_abuse":"no","lock_all":"no","lock_arabic":"no","lock_audio":"no","lock_bot":"no","lock_bye":"no","lock_cmd":"no","lock_contact":"no","lock_document":"no","lock_edit":"no","lock_english":"no","lock_flood":"yes","lock_forward":"yes","lock_gif":"no","lock_inline":"no","lock_link":"yes","lock_photo":"no","lock_spam":"yes","lock_sticker":"no","lock_strict":"no","lock_tag":"no","lock_text":"no","lock_tgservice":"yes","lock_username":"no","lock_video":"no","lock_wlc":"no","show_edit":"no"}},"-1001112713392":{"moderators":[],"set_owner":"75037681","settings":{"flood_num":"5","lock_abuse":"no","lock_all":"no","lock_arabic":"no","lock_audio":"no","lock_bot":"no","lock_bye":"no","lock_cmd":"no","lock_contact":"no","lock_document":"no","lock_edit":"no","lock_english":"no","lock_flood":"yes","lock_forward":"yes","lock_gif":"no","lock_inline":"no","lock_link":"yes","lock_photo":"no","lock_spam":"yes","lock_sticker":"no","lock_strict":"no","lock_tag":"yes","lock_text":"no","lock_tgservice":"yes","lock_username":"yes","lock_video":"no","lock_wlc":"no","show_edit":"no"}},"-1001114073955":{"moderators":[],"set_owner":"0","settings":{"flood_num":"5","lock_abuse":"no","lock_all":"no","lock_arabic":"no","lock_audio":"no","lock_bot":"no","lock_bye":"no","lock_cmd":"no","lock_contact":"no","lock_document":"no","lock_edit":"no","lock_english":"no","lock_flood":"yes","lock_forward":"yes","lock_gif":"no","lock_inline":"no","lock_link":"yes","lock_photo":"no","lock_spam":"yes","lock_sticker":"no","lock_strict":"no","lock_tag":"no","lock_text":"no","lock_tgservice":"yes","lock_username":"no","lock_video":"no","lock_wlc":"no","show_edit":"no"}},"-1001115580598":{"moderators":[],"set_owner":"445448640","settings":{"flood_num":"5","lock_abuse":"no","lock_all":"no","lock_arabic":"no","lock_audio":"yes","lock_bot":"no","lock_bye":"no","lock_cmd":"no","lock_contact":"no","lock_document":"no","lock_edit":"no","lock_english":"no","lock_flood":"yes","lock_forward":"yes","lock_gif":"yes","lock_inline":"no","lock_link":"yes","lock_photo":"yes","lock_spam":"yes","lock_sticker":"yes","lock_strict":"no","lock_tag":"no","lock_text":"no","lock_tgservice":"yes","lock_username":"no","lock_video":"no","lock_wlc":"no","show_edit":"no"}},"-1001116009881":{"moderators":{"224236699":"None","347203423":"None","360907458":"None","410607239":"None","418289150":"None","424717934":"None","443886712":"None","447395079":"None"},"set_owner":"323090256","settings":{"flood_num":"5","lock_abuse":"yes","lock_all":"no","lock_arabic":"no","lock_audio":"no","lock_bot":"yes","lock_bye":"no","lock_cmd":"yes","lock_contact":"yes","lock_document":"yes","lock_edit":"no","lock_english":"no","lock_flood":"yes","lock_forward":"yes","lock_gif":"no","lock_inline":"no","lock_link":"yes","lock_photo":"no","lock_spam":"yes","lock_sticker":"yes","lock_strict":"no","lock_tag":"yes","lock_text":"no","lock_tgservice":"no","lock_username":"yes","lock_video":"no","lock_wlc":"no","show_edit":"no"}},"-1001116172146":{"moderators":{"256660323":"None","392594079":"None"},"set_owner":"338312431","settings":{"flood_num":"5","lock_abuse":"yes","lock_all":"no","lock_arabic":"no","lock_audio":"no","lock_bot":"yes","lock_bye":"no","lock_cmd":"no","lock_contact":"no","lock_document":"no","lock_edit":"no","lock_english":"no","lock_flood":"yes","lock_forward":"no","lock_gif":"yes","lock_inline":"no","lock_link":"yes","lock_photo":"yes","lock_spam":"yes","lock_sticker":"yes","lock_strict":"no","lock_tag":"no","lock_text":"yes","lock_tgservice":"yes","lock_username":"no","lock_video":"yes","lock_wlc":"yes","show_edit":"no"}},"-1001119186180":{"moderators":[],"set_owner":"0","settings":{"flood_num":"5","lock_abuse":"no","lock_all":"no","lock_arabic":"yes","lock_audio":"yes","lock_bot":"yes","lock_bye":"no","lock_cmd":"no","lock_contact":"no","lock_document":"no","lock_edit":"no","lock_english":"no","lock_flood":"yes","lock_forward":"yes","lock_gif":"yes","lock_inline":"no","lock_link":"yes","lock_photo":"yes","lock_spam":"yes","lock_sticker":"yes","lock_strict":"no","lock_tag":"no","lock_text":"no","lock_tgservice":"yes","lock_username":"yes","lock_video":"yes","lock_wlc":"no","show_edit":"no"}},"-1001119441796":{"moderators":[],"set_owner":"189903619","settings":{"flood_num":"5","lock_abuse":"no","lock_all":"no","lock_arabic":"no","lock_audio":"no","lock_bot":"yes","lock_bye":"no","lock_cmd":"no","lock_contact":"no","lock_document":"no","lock_edit":"no","lock_english":"no","lock_flood":"yes","lock_forward":"yes","lock_gif":"no","lock_inline":"no","lock_link":"yes","lock_photo":"no","lock_spam":"yes","lock_sticker":"no","lock_strict":"no","lock_tag":"yes","lock_text":"no","lock_tgservice":"yes","lock_username":"yes","lock_video":"no","lock_wlc":"no","show_edit":"no"}},"-1001121201502":{"moderators":[],"set_owner":"336988149","settings":{"flood_num":"5","lock_abuse":"yes","lock_all":"no","lock_arabic":"no","lock_audio":"no","lock_bot":"yes","lock_bye":"no","lock_cmd":"no","lock_contact":"yes","lock_document":"no","lock_edit":"no","lock_english":"no","lock_flood":"yes","lock_forward":"yes","lock_gif":"no","lock_inline":"no","lock_link":"yes","lock_photo":"no","lock_spam":"yes","lock_sticker":"no","lock_strict":"no","lock_tag":"yes","lock_text":"no","lock_tgservice":"yes","lock_username":"yes","lock_video":"yes","lock_wlc":"no","set_link":"https://telegram.me/joinchat/FBYH9ULULV6hWyxtCNi8oA","show_edit":"no"}},"-1001121258952":{"moderators":{"332212489":"None","343145050":"None","398254803":"None","409640437":"None","429794218":"None"},"set_owner":"334931404","settings":{"flood_num":"5","lock_abuse":"yes","lock_all":"no","lock_arabic":"no","lock_audio":"yes","lock_bot":"yes","lock_bye":"no","lock_cmd":"yes","lock_contact":"yes","lock_document":"no","lock_edit":"no","lock_english":"no","lock_flood":"yes","lock_forward":"yes","lock_gif":"yes","lock_inline":"yes","lock_link":"yes","lock_photo":"no","lock_spam":"yes","lock_sticker":"yes","lock_strict":"no","lock_tag":"yes","lock_text":"no","lock_tgservice":"yes","lock_username":"yes","lock_video":"no","lock_wlc":"no","show_edit":"no"}},"-1001121326170":{"moderators":[],"set_owner":"405128907","settings":{"flood_num":"5","lock_abuse":"yes","lock_all":"no","lock_arabic":"no","lock_audio":"yes","lock_bot":"yes","lock_bye":"no","lock_cmd":"yes","lock_contact":"no","lock_document":"yes","lock_edit":"no","lock_english":"yes","lock_flood":"yes","lock_forward":"yes","lock_gif":"yes","lock_inline":"yes","lock_link":"yes","lock_photo":"yes","lock_spam":"yes","lock_sticker":"yes","lock_strict":"no","lock_tag":"yes","lock_text":"no","lock_tgservice":"yes","lock_username":"yes","lock_video":"yes","lock_wlc":"no","show_edit":"no"}},"-1001122428917":{"moderators":{"334365644":"None"},"set_owner":"305984121","settings":{"flood_num":"5","lock_abuse":"yes","lock_all":"no","lock_arabic":"no","lock_audio":"yes","lock_bot":"yes","lock_bye":"no","lock_cmd":"yes","lock_contact":"yes","lock_document":"yes","lock_edit":"yes","lock_english":"yes","lock_flood":"yes","lock_forward":"yes","lock_gif":"yes","lock_inline":"yes","lock_link":"yes","lock_photo":"yes","lock_spam":"yes","lock_sticker":"yes","lock_strict":"yes","lock_tag":"yes","lock_text":"no","lock_tgservice":"yes","lock_username":"yes","lock_video":"yes","lock_wlc":"no","set_link":"https://t.me/joinchat/EjzyeQ1MoX2PAD350iPrIA","show_edit":"no"}},"-1001123220436":{"moderators":{"302077073":"None"},"set_owner":"416632179","settings":{"flood_num":"5","lock_abuse":"yes","lock_all":"yes","lock_arabic":"no","lock_audio":"yes","lock_bot":"no","lock_bye":"no","lock_cmd":"no","lock_contact":"no","lock_document":"no","lock_edit":"no","lock_english":"no","lock_flood":"yes","lock_forward":"yes","lock_gif":"no","lock_inline":"no","lock_link":"yes","lock_photo":"no","lock_spam":"yes","lock_sticker":"no","lock_strict":"no","lock_tag":"yes","lock_text":"no","lock_tgservice":"yes","lock_username":"no","lock_video":"no","lock_wlc":"no","show_edit":"no"}},"-1001123261916":{"moderators":[],"set_owner":"407760742","settings":{"flood_num":"5","lock_abuse":"yes","lock_all":"no","lock_arabic":"no","lock_audio":"no","lock_bot":"no","lock_bye":"no","lock_cmd":"no","lock_contact":"no","lock_document":"yes","lock_edit":"no","lock_english":"no","lock_flood":"yes","lock_forward":"yes","lock_gif":"no","lock_inline":"no","lock_link":"yes","lock_photo":"yes","lock_spam":"yes","lock_sticker":"no","lock_strict":"no","lock_tag":"no","lock_text":"no","lock_tgservice":"yes","lock_username":"yes","lock_video":"no","lock_wlc":"no","set_link":"https://t.me/joinchat/GE3vZkLzndyQXqcRfse93w","show_edit":"no"}},"-1001125581719":{"moderators":[],"set_owner":"190251183","settings":{"flood_num":"5","lock_abuse":"no","lock_all":"no","lock_arabic":"no","lock_audio":"no","lock_bot":"yes","lock_bye":"no","lock_cmd":"no","lock_contact":"no","lock_document":"no","lock_edit":"no","lock_english":"no","lock_flood":"yes","lock_forward":"yes","lock_gif":"no","lock_inline":"no","lock_link":"yes","lock_photo":"no","lock_spam":"yes","lock_sticker":"no","lock_strict":"no","lock_tag":"yes","lock_text":"no","lock_tgservice":"yes","lock_username":"yes","lock_video":"no","lock_wlc":"yes","show_edit":"no"}},"-1001126060162":{"moderators":{"371996123":"None","374223619":"None","393360787":"None"},"set_owner":"320710411","settings":{"flood_num":"5","lock_abuse":"no","lock_all":"no","lock_arabic":"no","lock_audio":"yes","lock_bot":"yes","lock_bye":"no","lock_cmd":"yes","lock_contact":"yes","lock_document":"no","lock_edit":"no","lock_english":"no","lock_flood":"yes","lock_forward":"yes","lock_gif":"yes","lock_inline":"no","lock_link":"yes","lock_photo":"yes","lock_spam":"yes","lock_sticker":"no","lock_strict":"no","lock_tag":"yes","lock_text":"no","lock_tgservice":"yes","lock_username":"yes","lock_video":"no","lock_wlc":"no","set_link":"https://t.me/joinchat/AAAAAERQQwEQcBYJib68uw","show_edit":"no"}},"-1001126084586":{"moderators":[],"set_owner":"0","settings":{"flood_num":"5","lock_abuse":"no","lock_all":"yes","lock_arabic":"no","lock_audio":"no","lock_bot":"no","lock_bye":"no","lock_cmd":"no","lock_contact":"no","lock_document":"no","lock_edit":"no","lock_english":"no","lock_flood":"yes","lock_forward":"yes","lock_gif":"no","lock_inline":"no","lock_link":"yes","lock_photo":"no","lock_spam":"yes","lock_sticker":"no","lock_strict":"no","lock_tag":"no","lock_text":"no","lock_tgservice":"yes","lock_username":"no","lock_video":"no","lock_wlc":"no","show_edit":"no"}},"-1001128065328":{"moderators":[],"set_owner":"328197823","settings":{"flood_num":"5","lock_abuse":"no","lock_all":"no","lock_arabic":"no","lock_audio":"no","lock_bot":"yes","lock_bye":"no","lock_cmd":"no","lock_contact":"no","lock_document":"no","lock_edit":"no","lock_english":"no","lock_flood":"yes","lock_forward":"yes","lock_gif":"yes","lock_inline":"yes","lock_link":"yes","lock_photo":"no","lock_spam":"yes","lock_sticker":"yes","lock_strict":"no","lock_tag":"no","lock_text":"no","lock_tgservice":"yes","lock_username":"yes","lock_video":"no","lock_wlc":"no","show_edit":"no"}},"-1001128199399":{"moderators":[],"set_owner":"330210418","settings":{"flood_num":"5","lock_abuse":"no","lock_all":"no","lock_arabic":"no","lock_audio":"no","lock_bot":"no","lock_bye":"no","lock_cmd":"no","lock_contact":"no","lock_document":"no","lock_edit":"no","lock_english":"no","lock_flood":"yes","lock_forward":"yes","lock_gif":"no","lock_inline":"no","lock_link":"yes","lock_photo":"no","lock_spam":"yes","lock_sticker":"no","lock_strict":"no","lock_tag":"no","lock_text":"no","lock_tgservice":"yes","lock_username":"no","lock_video":"no","lock_wlc":"no","show_edit":"no"}},"-1001128290885":{"moderators":{"170944230":"None","209213864":"None","221373366":"None","222128840":"None","247579001":"Bvcffb1376","291477270":"None","312237863":"None","319564647":"None","323418636":"None","363843536":"None","373928385":"OoO_OoO_12","387952857":"Paneeez1","398382213":"None","408102800":"None","408444003":"None","408709934":"None","427351208":"Opooooo","448519895":"None","466283958":"None"},"set_owner":"299979058","settings":{"flood_num":"5","lock_abuse":"yes","lock_all":"no","lock_arabic":"no","lock_audio":"yes","lock_bot":"yes","lock_bye":"no","lock_cmd":"yes","lock_contact":"no","lock_document":"no","lock_edit":"no","lock_english":"yes","lock_flood":"yes","lock_forward":"yes","lock_gif":"yes","lock_inline":"no","lock_link":"yes","lock_photo":"yes","lock_spam":"yes","lock_sticker":"yes","lock_strict":"no","lock_tag":"no","lock_text":"no","lock_tgservice":"no","lock_username":"no","lock_video":"no","lock_wlc":"no","set_link":"https://telegram.me/joinchat/EeFRMkNAWkXOYBeo0ut98w","show_edit":"no"}},"-1001129054046":{"moderators":{"256725615":"None","303317977":"None","313684765":"None","326006778":"None","339270663":"None","370729786":"None","372720682":"None","396087631":"None","407851665":"None","441069790":"None"},"set_owner":"231305886","settings":{"flood_num":"5","lock_abuse":"yes","lock_all":"no","lock_arabic":"no","lock_audio":"no","lock_bot":"yes","lock_bye":"no","lock_cmd":"no","lock_contact":"no","lock_document":"no","lock_edit":"no","lock_english":"no","lock_flood":"yes","lock_forward":"yes","lock_gif":"yes","lock_inline":"no","lock_link":"yes","lock_photo":"yes","lock_spam":"yes","lock_sticker":"yes","lock_strict":"no","lock_tag":"yes","lock_text":"no","lock_tgservice":"yes","lock_username":"yes","lock_video":"yes","lock_wlc":"no","set_link":"https://t.me/joinchat/DclyngryFMxVagyTKX2RqQ","show_edit":"no"}},"-1001129236430":{"moderators":[],"set_owner":"364085392","settings":{"flood_num":"5","lock_abuse":"yes","lock_all":"no","lock_arabic":"no","lock_audio":"no","lock_bot":"yes","lock_bye":"no","lock_cmd":"no","lock_contact":"yes","lock_document":"no","lock_edit":"no","lock_english":"no","lock_flood":"yes","lock_forward":"yes","lock_gif":"no","lock_inline":"no","lock_link":"yes","lock_photo":"no","lock_spam":"yes","lock_sticker":"yes","lock_strict":"no","lock_tag":"yes","lock_text":"no","lock_tgservice":"yes","lock_username":"no","lock_video":"yes","lock_wlc":"no","show_edit":"no"}},"-1001131720907":{"moderators":[],"set_owner":"413884632","settings":{"flood_num":"5","lock_abuse":"no","lock_all":"no","lock_arabic":"no","lock_audio":"no","lock_bot":"no","lock_bye":"no","lock_cmd":"no","lock_contact":"no","lock_document":"no","lock_edit":"no","lock_english":"no","lock_flood":"yes","lock_forward":"yes","lock_gif":"no","lock_inline":"no","lock_link":"yes","lock_photo":"no","lock_spam":"yes","lock_sticker":"no","lock_strict":"no","lock_tag":"no","lock_text":"no","lock_tgservice":"yes","lock_username":"no","lock_video":"no","lock_wlc":"no","show_edit":"no"}},"-1001132034052":{"moderators":[],"set_owner":"293822198","settings":{"flood_num":"5","lock_abuse":"yes","lock_all":"no","lock_arabic":"no","lock_audio":"yes","lock_bot":"yes","lock_bye":"yes","lock_cmd":"no","lock_contact":"yes","lock_document":"no","lock_edit":"yes","lock_english":"no","lock_flood":"yes","lock_forward":"yes","lock_gif":"yes","lock_inline":"no","lock_link":"yes","lock_photo":"no","lock_spam":"yes","lock_sticker":"no","lock_strict":"no","lock_tag":"yes","lock_text":"no","lock_tgservice":"yes","lock_username":"yes","lock_video":"no","lock_wlc":"yes","show_edit":"no"}},"-1001132255891":{"moderators":{"256426505":"None","304142155":"None","326404685":"None","329871011":"None","364448884":"None","385393143":"None","388771912":"None","406949546":"None","408365764":"None","410101552":"None","413654334":"None","413845078":"None","418409239":"None","419054835":"None","423588602":"None","427391585":"None","433210838":"None","447667819":"None"},"set_owner":"349313397","settings":{"flood_num":"5","lock_abuse":"yes","lock_all":"no","lock_arabic":"no","lock_audio":"no","lock_bot":"yes","lock_bye":"no","lock_cmd":"no","lock_contact":"yes","lock_document":"no","lock_edit":"no","lock_english":"no","lock_flood":"yes","lock_forward":"yes","lock_gif":"yes","lock_inline":"no","lock_link":"yes","lock_photo":"yes","lock_spam":"yes","lock_sticker":"no","lock_strict":"no","lock_tag":"yes","lock_text":"no","lock_tgservice":"yes","lock_username":"yes","lock_video":"yes","lock_wlc":"no","show_edit":"no"}},"-1001132414836":{"moderators":{"186249279":"None","328868716":"None","442284407":"ANTISPAAMTELE1"},"set_owner":"288155430","settings":{"flood_num":"5","lock_abuse":"yes","lock_all":"no","lock_arabic":"no","lock_audio":"yes","lock_bot":"yes","lock_bye":"no","lock_cmd":"yes","lock_contact":"yes","lock_document":"yes","lock_edit":"no","lock_english":"no","lock_flood":"yes","lock_forward":"yes","lock_gif":"yes","lock_inline":"no","lock_link":"yes","lock_photo":"yes","lock_spam":"yes","lock_sticker":"yes","lock_strict":"no","lock_tag":"yes","lock_text":"no","lock_tgservice":"no","lock_username":"yes","lock_video":"no","lock_wlc":"yes","set_link":"https://telegram.me/joinchat/ESznJkN_R3Terzpcs7upuw","show_edit":"no"}},"-1001133682024":{"moderators":{"392786165":"None"},"set_owner":"132284167","settings":{"flood_num":"5","lock_abuse":"no","lock_all":"no","lock_arabic":"no","lock_audio":"no","lock_bot":"no","lock_bye":"no","lock_cmd":"no","lock_contact":"no","lock_document":"no","lock_edit":"no","lock_english":"no","lock_flood":"yes","lock_forward":"yes","lock_gif":"no","lock_inline":"no","lock_link":"yes","lock_photo":"no","lock_spam":"yes","lock_sticker":"no","lock_strict":"no","lock_tag":"no","lock_text":"no","lock_tgservice":"yes","lock_username":"no","lock_video":"no","lock_wlc":"no","show_edit":"no"}},"-1001134472284":{"moderators":{"275497503":"None","360839986":"None","424265626":"None"},"set_owner":"295738234","settings":{"flood_num":"5","lock_abuse":"yes","lock_all":"no","lock_arabic":"no","lock_audio":"yes","lock_bot":"yes","lock_bye":"no","lock_cmd":"no","lock_contact":"no","lock_document":"no","lock_edit":"no","lock_english":"no","lock_flood":"yes","lock_forward":"yes","lock_gif":"yes","lock_inline":"no","lock_link":"yes","lock_photo":"yes","lock_spam":"yes","lock_sticker":"yes","lock_strict":"no","lock_tag":"yes","lock_text":"no","lock_tgservice":"yes","lock_username":"yes","lock_video":"yes","lock_wlc":"no","show_edit":"no"}},"-1001134976511":{"moderators":{"186249279":"None","303050348":"None","325450949":"None","330586399":"None","392786165":"None","393772998":"None","400924325":"None","434535239":"None","471613800":"None","477208842":"None"},"set_owner":"442616528","settings":{"flood_num":"5","lock_abuse":"yes","lock_all":"no","lock_arabic":"no","lock_audio":"no","lock_bot":"yes","lock_bye":"no","lock_cmd":"yes","lock_contact":"yes","lock_document":"no","lock_edit":"no","lock_english":"no","lock_flood":"yes","lock_forward":"yes","lock_gif":"yes","lock_inline":"no","lock_link":"no","lock_photo":"yes","lock_spam":"yes","lock_sticker":"yes","lock_strict":"no","lock_tag":"no","lock_text":"no","lock_tgservice":"no","lock_username":"yes","lock_video":"no","lock_wlc":"no","set_link":"https://telegram.me/joinchat/GmHK0EOmXf_Xenjrh0rWBA","show_edit":"no"}},"-1001135959512":{"moderators":{"181599268":"None","211975061":"None","332853837":"None","366158502":"None","389648238":"None","404650249":"None","426556758":"None"},"set_owner":"281227123","settings":{"flood_num":"5","lock_abuse":"yes","lock_all":"no","lock_arabic":"no","lock_audio":"no","lock_bot":"yes","lock_bye":"no","lock_cmd":"no","lock_contact":"no","lock_document":"no","lock_edit":"no","lock_english":"no","lock_flood":"no","lock_forward":"no","lock_gif":"no","lock_inline":"yes","lock_link":"yes","lock_photo":"no","lock_spam":"no","lock_sticker":"no","lock_strict":"yes","lock_tag":"yes","lock_text":"no","lock_tgservice":"yes","lock_username":"yes","lock_video":"no","lock_wlc":"yes","set_link":"wait","show_edit":"no"}},"-1001137129713":{"moderators":{"193578970":"None","400209200":"None","409096567":"None"},"set_owner":"393407258","settings":{"flood_num":"5","lock_abuse":"no","lock_all":"no","lock_arabic":"no","lock_audio":"no","lock_bot":"yes","lock_bye":"no","lock_cmd":"no","lock_contact":"no","lock_document":"no","lock_edit":"no","lock_english":"no","lock_flood":"yes","lock_forward":"no","lock_gif":"no","lock_inline":"no","lock_link":"yes","lock_photo":"no","lock_spam":"yes","lock_sticker":"no","lock_strict":"no","lock_tag":"yes","lock_text":"no","lock_tgservice":"yes","lock_username":"yes","lock_video":"no","lock_wlc":"no","set_link":"https://t.me/joinchat/F3LrGkPHOPHlFpFo7Vu8Lw","show_edit":"no"}},"-1001137313524":{"moderators":{"123755887":"None","161217620":"None","279511751":"None","307585824":"None","314916340":"None","331994447":"None","357796487":"None","386721720":"Gurgtelegarm2","405278848":"None","429213524":"None"},"set_owner":"282475712","settings":{"flood_num":"5","lock_abuse":"yes","lock_all":"no","lock_arabic":"no","lock_audio":"no","lock_bot":"yes","lock_bye":"no","lock_cmd":"yes","lock_contact":"no","lock_document":"no","lock_edit":"no","lock_english":"no","lock_flood":"yes","lock_forward":"yes","lock_gif":"no","lock_inline":"no","lock_link":"yes","lock_photo":"yes","lock_spam":"yes","lock_sticker":"no","lock_strict":"no","lock_tag":"yes","lock_text":"no","lock_tgservice":"yes","lock_username":"yes","lock_video":"no","lock_wlc":"no","show_edit":"no"}},"-1001137761784":{"moderators":[],"set_owner":"173071025","settings":{"flood_num":"5","lock_abuse":"yes","lock_all":"no","lock_arabic":"yes","lock_audio":"no","lock_bot":"yes","lock_bye":"yes","lock_cmd":"yes","lock_contact":"yes","lock_document":"yes","lock_edit":"yes","lock_english":"yes","lock_flood":"yes","lock_forward":"yes","lock_gif":"yes","lock_inline":"yes","lock_link":"yes","lock_photo":"yes","lock_spam":"yes","lock_sticker":"yes","lock_strict":"yes","lock_tag":"yes","lock_text":"yes","lock_tgservice":"yes","lock_username":"yes","lock_video":"yes","lock_wlc":"yes","show_edit":"no"}},"-1001139065805":{"moderators":{"354360612":"None","374186938":"None","390998892":"None","392786165":"GP_WallE_Bot","419389122":"None","73361956":"None"},"set_owner":"449461940","settings":{"flood_num":"5","lock_abuse":"yes","lock_all":"no","lock_arabic":"no","lock_audio":"yes","lock_bot":"yes","lock_bye":"no","lock_cmd":"yes","lock_contact":"yes","lock_document":"yes","lock_edit":"no","lock_english":"no","lock_flood":"yes","lock_forward":"yes","lock_gif":"yes","lock_inline":"no","lock_link":"yes","lock_photo":"yes","lock_spam":"yes","lock_sticker":"no","lock_strict":"no","lock_tag":"yes","lock_text":"no","lock_tgservice":"yes","lock_username":"yes","lock_video":"yes","lock_wlc":"no","set_link":"https://t.me/joinchat/Gso-tEPkw80MVdpM_B2B0A","show_edit":"no"}},"-1001139434870":{"moderators":{"293136155":"None","299746517":"None","350594445":"None","367742900":"None","379235865":"None","384574659":"None","392786165":"GP_WallE_Bot","413884129":"None","414186141":"None","420420116":"None","424930509":"None","431087568":"None"},"set_owner":"308200658","settings":{"flood_num":"5","lock_abuse":"yes","lock_all":"no","lock_arabic":"no","lock_audio":"no","lock_bot":"yes","lock_bye":"no","lock_cmd":"no","lock_contact":"yes","lock_document":"yes","lock_edit":"no","lock_english":"no","lock_flood":"yes","lock_forward":"yes","lock_gif":"yes","lock_inline":"yes","lock_link":"yes","lock_photo":"no","lock_spam":"yes","lock_sticker":"no","lock_strict":"no","lock_tag":"yes","lock_text":"no","lock_tgservice":"no","lock_username":"yes","lock_video":"yes","lock_wlc":"yes","set_link":"https://t.me/joinchat/El7E0kP7iFJTS-vb0BY1aQ","show_edit":"no"}},"-1001139897318":{"moderators":{"435606951":"M_ahmood1"},"set_owner":"435606951","settings":{"flood_num":"5","lock_abuse":"yes","lock_all":"no","lock_arabic":"yes","lock_audio":"no","lock_bot":"yes","lock_bye":"no","lock_cmd":"no","lock_contact":"yes","lock_document":"no","lock_edit":"no","lock_english":"no","lock_flood":"yes","lock_forward":"yes","lock_gif":"no","lock_inline":"no","lock_link":"yes","lock_photo":"no","lock_spam":"yes","lock_sticker":"no","lock_strict":"no","lock_tag":"yes","lock_text":"no","lock_tgservice":"no","lock_username":"yes","lock_video":"yes","lock_wlc":"yes","set_link":"https://t.me/joinchat/GfbVp0Pxc-YXlcwlukQkkQ","show_edit":"no"}},"-1001141368989":{"moderators":{"111257959":"None","284258462":"None","300200062":"None","312418538":"None","334781579":"None","364494017":"None","367670919":"None","382385952":"None","382833291":"None","382895996":"None","394699816":"None","408474502":"None","415946841":"None","429118722":"None","435386275":"None","443110572":"None"},"set_owner":"199533253","settings":{"flood_num":"5","lock_abuse":"yes","lock_all":"no","lock_arabic":"no","lock_audio":"yes","lock_bot":"no","lock_bye":"no","lock_cmd":"no","lock_contact":"no","lock_document":"no","lock_edit":"no","lock_english":"no","lock_flood":"yes","lock_forward":"yes","lock_gif":"yes","lock_inline":"no","lock_link":"yes","lock_photo":"yes","lock_spam":"yes","lock_sticker":"yes","lock_strict":"no","lock_tag":"yes","lock_text":"no","lock_tgservice":"yes","lock_username":"yes","lock_video":"no","lock_wlc":"no","show_edit":"no"}},"-1001141689879":{"moderators":{"107722994":"None","236217493":"None","276451699":"None","300144024":"None","347058705":"None","394495021":"None","442022592":"None"},"set_owner":"413498343","settings":{"flood_num":"5","lock_abuse":"no","lock_all":"no","lock_arabic":"no","lock_audio":"no","lock_bot":"yes","lock_bye":"no","lock_cmd":"no","lock_contact":"yes","lock_document":"yes","lock_edit":"no","lock_english":"yes","lock_flood":"yes","lock_forward":"yes","lock_gif":"yes","lock_inline":"yes","lock_link":"yes","lock_photo":"yes","lock_spam":"yes","lock_sticker":"yes","lock_strict":"yes","lock_tag":"yes","lock_text":"no","lock_tgservice":"no","lock_username":"yes","lock_video":"yes","lock_wlc":"no","show_edit":"no"}},"-1001141926324":{"moderators":{"392786165":"None"},"set_owner":"0","settings":{"flood_num":"5","lock_abuse":"no","lock_all":"no","lock_arabic":"no","lock_audio":"no","lock_bot":"no","lock_bye":"no","lock_cmd":"no","lock_contact":"no","lock_document":"no","lock_edit":"no","lock_english":"no","lock_flood":"yes","lock_forward":"yes","lock_gif":"no","lock_inline":"no","lock_link":"yes","lock_photo":"no","lock_spam":"yes","lock_sticker":"no","lock_strict":"no","lock_tag":"no","lock_text":"no","lock_tgservice":"no","lock_username":"no","lock_video":"no","lock_wlc":"no","show_edit":"no"}},"-1001142085512":{"moderators":{"353184127":"None","376215028":"None","408787868":"None"},"set_owner":"173071025","settings":{"flood_num":"5","lock_abuse":"no","lock_all":"no","lock_arabic":"no","lock_audio":"no","lock_bot":"yes","lock_bye":"no","lock_cmd":"no","lock_contact":"no","lock_document":"no","lock_edit":"no","lock_english":"no","lock_flood":"yes","lock_forward":"yes","lock_gif":"yes","lock_inline":"no","lock_link":"yes","lock_photo":"yes","lock_spam":"yes","lock_sticker":"yes","lock_strict":"no","lock_tag":"no","lock_text":"no","lock_tgservice":"yes","lock_username":"yes","lock_video":"yes","lock_wlc":"no","set_link":"https://t.me/joinchat/ClDasQ8sDh3pGBaKOzooGg","show_edit":"no"}},"-1001142248154":{"moderators":[],"set_owner":"0","settings":{"flood_num":"5","lock_abuse":"no","lock_all":"no","lock_arabic":"no","lock_audio":"no","lock_bot":"no","lock_bye":"no","lock_cmd":"no","lock_contact":"no","lock_document":"no","lock_edit":"no","lock_english":"no","lock_flood":"yes","lock_forward":"yes","lock_gif":"no","lock_inline":"no","lock_link":"yes","lock_photo":"no","lock_spam":"yes","lock_sticker":"no","lock_strict":"no","lock_tag":"no","lock_text":"no","lock_tgservice":"yes","lock_username":"no","lock_video":"no","lock_wlc":"no","show_edit":"no"}},"-1001142270042":{"moderators":[],"set_owner":"413942135","settings":{"flood_num":"5","lock_abuse":"no","lock_all":"no","lock_arabic":"no","lock_audio":"no","lock_bot":"yes","lock_bye":"no","lock_cmd":"no","lock_contact":"no","lock_document":"no","lock_edit":"no","lock_english":"no","lock_flood":"yes","lock_forward":"yes","lock_gif":"no","lock_inline":"no","lock_link":"yes","lock_photo":"no","lock_spam":"yes","lock_sticker":"no","lock_strict":"no","lock_tag":"yes","lock_text":"no","lock_tgservice":"yes","lock_username":"yes","lock_video":"no","lock_wlc":"no","show_edit":"no"}},"-1001142987523":{"moderators":[],"set_owner":"231305886","settings":{"flood_num":"5","lock_abuse":"no","lock_all":"no","lock_arabic":"no","lock_audio":"no","lock_bot":"yes","lock_bye":"no","lock_cmd":"no","lock_contact":"no","lock_document":"yes","lock_edit":"no","lock_english":"no","lock_flood":"yes","lock_forward":"yes","lock_gif":"no","lock_inline":"no","lock_link":"yes","lock_photo":"no","lock_spam":"yes","lock_sticker":"yes","lock_strict":"no","lock_tag":"yes","lock_text":"no","lock_tgservice":"yes","lock_username":"yes","lock_video":"yes","lock_wlc":"yes","set_link":"https://t.me/joinchat/DclynkQgmwN0sa0NWWH5jg","show_edit":"no"}},"-1001143543831":{"moderators":{"145732030":"None","375744218":"aramehs2017","400435564":"Cloner_Tab","452728468":"None","nil":"None"},"set_owner":"189903619","settings":{"flood_num":"5","lock_abuse":"no","lock_all":"no","lock_arabic":"no","lock_audio":"no","lock_bot":"yes","lock_bye":"no","lock_cmd":"no","lock_contact":"no","lock_document":"no","lock_edit":"no","lock_english":"no","lock_flood":"yes","lock_forward":"yes","lock_gif":"yes","lock_inline":"no","lock_link":"yes","lock_photo":"no","lock_spam":"yes","lock_sticker":"yes","lock_strict":"no","lock_tag":"yes","lock_text":"no","lock_tgservice":"yes","lock_username":"yes","lock_video":"no","lock_wlc":"no","set_link":"https://t.me/joinchat/FmVm2kQpGBc4FbX5Oi23Zg","show_edit":"no"}},"-1001144670818":{"moderators":{"335236620":"None"},"set_owner":"195824972","settings":{"flood_num":"5","lock_abuse":"no","lock_all":"no","lock_arabic":"no","lock_audio":"yes","lock_bot":"yes","lock_bye":"no","lock_cmd":"no","lock_contact":"no","lock_document":"yes","lock_edit":"no","lock_english":"no","lock_flood":"yes","lock_forward":"yes","lock_gif":"no","lock_inline":"no","lock_link":"yes","lock_photo":"yes","lock_spam":"yes","lock_sticker":"yes","lock_strict":"no","lock_tag":"no","lock_text":"no","lock_tgservice":"yes","lock_username":"no","lock_video":"no","lock_wlc":"no","show_edit":"no"}},"-1001144981898":{"moderators":{"265427108":"None","266821452":"AysoLovle","284578014":"None","308935103":"None","336012127":"None","362607513":"None","367655786":"None","374336551":"None","376222265":"None","392219042":"None","406700106":"None","416190574":"None","417561367":"None","435332126":"None","448398729":"SMART011","450128620":"None","470081053":"gulalybot"},"set_owner":"420967056","settings":{"flood_num":"5","lock_abuse":"yes","lock_all":"no","lock_arabic":"no","lock_audio":"yes","lock_bot":"no","lock_bye":"no","lock_cmd":"yes","lock_contact":"no","lock_document":"no","lock_edit":"no","lock_english":"yes","lock_flood":"no","lock_forward":"yes","lock_gif":"yes","lock_inline":"no","lock_link":"yes","lock_photo":"yes","lock_spam":"yes","lock_sticker":"yes","lock_strict":"no","lock_tag":"no","lock_text":"no","lock_tgservice":"yes","lock_username":"no","lock_video":"yes","lock_wlc":"no","set_link":"https://t.me/joinchat/GRdykEQ_CYot7BqDgAUy8Q","show_edit":"no"}},"-1001145152127":{"moderators":{"243668194":"None","303648114":"None","364846817":"None","388242331":"None","410622333":"None","420471015":"None","443493505":"None","456678679":"None","473387122":"None"},"set_owner":"256660323","settings":{"flood_num":"5","lock_abuse":"no","lock_all":"yes","lock_arabic":"no","lock_audio":"no","lock_bot":"no","lock_bye":"yes","lock_cmd":"no","lock_contact":"no","lock_document":"no","lock_edit":"no","lock_english":"no","lock_flood":"yes","lock_forward":"no","lock_gif":"no","lock_inline":"no","lock_link":"yes","lock_photo":"yes","lock_spam":"yes","lock_sticker":"no","lock_strict":"no","lock_tag":"no","lock_text":"no","lock_tgservice":"no","lock_username":"yes","lock_video":"yes","lock_wlc":"yes","set_link":"https://t.me/joinchat/D0xTY0RBon8rfifFBJHjsw","show_edit":"no"}},"-1001145356548":{"moderators":[],"set_owner":"129798621","settings":{"flood_num":"5","lock_abuse":"yes","lock_all":"no","lock_arabic":"no","lock_audio":"no","lock_bot":"no","lock_bye":"yes","lock_cmd":"no","lock_contact":"no","lock_document":"yes","lock_edit":"no","lock_english":"yes","lock_flood":"yes","lock_forward":"yes","lock_gif":"no","lock_inline":"no","lock_link":"yes","lock_photo":"no","lock_spam":"yes","lock_sticker":"no","lock_strict":"no","lock_tag":"yes","lock_text":"no","lock_tgservice":"yes","lock_username":"yes","lock_video":"yes","lock_wlc":"yes","show_edit":"no"}},"-1001145678234":{"moderators":{"386037264":"None","392786165":"None"},"set_owner":"114047213","settings":{"flood_num":"5","lock_abuse":"no","lock_all":"no","lock_arabic":"no","lock_audio":"yes","lock_bot":"yes","lock_bye":"no","lock_cmd":"no","lock_contact":"no","lock_document":"no","lock_edit":"no","lock_english":"no","lock_flood":"yes","lock_forward":"yes","lock_gif":"no","lock_inline":"no","lock_link":"yes","lock_photo":"no","lock_spam":"yes","lock_sticker":"no","lock_strict":"no","lock_tag":"yes","lock_text":"no","lock_tgservice":"yes","lock_username":"yes","lock_video":"no","lock_wlc":"no","show_edit":"no"}},"-1001146887076":{"moderators":[],"set_owner":"373761913","settings":{"flood_num":"5","lock_abuse":"no","lock_all":"no","lock_arabic":"no","lock_audio":"no","lock_bot":"yes","lock_bye":"no","lock_cmd":"no","lock_contact":"no","lock_document":"no","lock_edit":"no","lock_english":"yes","lock_flood":"no","lock_forward":"yes","lock_gif":"yes","lock_inline":"no","lock_link":"yes","lock_photo":"no","lock_spam":"yes","lock_sticker":"no","lock_strict":"no","lock_tag":"yes","lock_text":"no","lock_tgservice":"yes","lock_username":"yes","lock_video":"yes","lock_wlc":"no","show_edit":"no"}},"-1001147519991":{"moderators":{"201604051":"None","293070221":"None","339445048":"None","349196423":"None","372968903":"None","385031834":"None","422931895":"None","436158137":"None","437328762":"None","450891414":"None","459951256":"None","467074646":"None"},"set_owner":"402249144","settings":{"flood_num":"5","lock_abuse":"yes","lock_all":"no","lock_arabic":"no","lock_audio":"no","lock_bot":"yes","lock_bye":"yes","lock_cmd":"no","lock_contact":"no","lock_document":"no","lock_edit":"yes","lock_english":"no","lock_flood":"yes","lock_forward":"yes","lock_gif":"yes","lock_inline":"yes","lock_link":"yes","lock_photo":"yes","lock_spam":"no","lock_sticker":"no","lock_strict":"yes","lock_tag":"yes","lock_text":"no","lock_tgservice":"yes","lock_username":"yes","lock_video":"yes","lock_wlc":"yes","set_link":"https://t.me/joinchat/F_nVuERlw_dt2puXsY_ebA","show_edit":"no"}},"-1001147674443":{"moderators":{"331331568":"None","340546265":"None","405591473":"None","408018386":"None","416831732":"None","417165496":"ANTISPAAMBEST","440418707":"None","472378013":"None"},"set_owner":"442769535","settings":{"flood_num":"5","lock_abuse":"yes","lock_all":"no","lock_arabic":"no","lock_audio":"no","lock_bot":"no","lock_bye":"no","lock_cmd":"no","lock_contact":"yes","lock_document":"no","lock_edit":"no","lock_english":"no","lock_flood":"yes","lock_forward":"yes","lock_gif":"yes","lock_inline":"no","lock_link":"yes","lock_photo":"no","lock_spam":"yes","lock_sticker":"no","lock_strict":"no","lock_tag":"yes","lock_text":"no","lock_tgservice":"no","lock_username":"yes","lock_video":"no","lock_wlc":"no","set_link":"https://t.me/joinchat/GmQgfwwSVsGLo6oj2eANvQ","show_edit":"no"}},"-1001147732087":{"moderators":[],"set_owner":"306778750","settings":{"flood_num":"5","lock_abuse":"no","lock_all":"no","lock_arabic":"no","lock_audio":"no","lock_bot":"yes","lock_bye":"no","lock_cmd":"no","lock_contact":"no","lock_document":"no","lock_edit":"no","lock_english":"no","lock_flood":"yes","lock_forward":"yes","lock_gif":"no","lock_inline":"no","lock_link":"yes","lock_photo":"no","lock_spam":"yes","lock_sticker":"no","lock_strict":"no","lock_tag":"yes","lock_text":"no","lock_tgservice":"yes","lock_username":"yes","lock_video":"no","lock_wlc":"no","show_edit":"no"}},"-1001148289019":{"moderators":[],"set_owner":"186249279","settings":{"flood_num":"5","lock_abuse":"no","lock_all":"no","lock_arabic":"no","lock_audio":"no","lock_bot":"no","lock_bye":"no","lock_cmd":"no","lock_contact":"no","lock_document":"no","lock_edit":"no","lock_english":"no","lock_flood":"yes","lock_forward":"yes","lock_gif":"no","lock_inline":"no","lock_link":"yes","lock_photo":"no","lock_spam":"yes","lock_sticker":"no","lock_strict":"no","lock_tag":"no","lock_text":"no","lock_tgservice":"no","lock_username":"no","lock_video":"no","lock_wlc":"no","show_edit":"no"}},"-1001148332427":{"moderators":[],"set_owner":"479680583","settings":{"flood_num":"5","lock_abuse":"yes","lock_all":"no","lock_arabic":"no","lock_audio":"no","lock_bot":"yes","lock_bye":"no","lock_cmd":"no","lock_contact":"yes","lock_document":"yes","lock_edit":"no","lock_english":"no","lock_flood":"no","lock_forward":"no","lock_gif":"no","lock_inline":"yes","lock_link":"yes","lock_photo":"no","lock_spam":"no","lock_sticker":"no","lock_strict":"no","lock_tag":"yes","lock_text":"no","lock_tgservice":"yes","lock_username":"yes","lock_video":"yes","lock_wlc":"no","set_link":"https://telegram.me/joinchat/HJdYR0RyKYsMEm7ipl-IFQ","show_edit":"no"}},"-1001148985795":{"moderators":[],"set_owner":"419393790","settings":{"flood_num":"5","lock_abuse":"yes","lock_all":"no","lock_arabic":"no","lock_audio":"no","lock_bot":"yes","lock_bye":"no","lock_cmd":"no","lock_contact":"yes","lock_document":"no","lock_edit":"no","lock_english":"no","lock_flood":"yes","lock_forward":"yes","lock_gif":"no","lock_inline":"no","lock_link":"yes","lock_photo":"no","lock_spam":"yes","lock_sticker":"no","lock_strict":"no","lock_tag":"yes","lock_text":"no","lock_tgservice":"no","lock_username":"yes","lock_video":"yes","lock_wlc":"no","show_edit":"no"}},"-1001149362759":{"moderators":{"179100766":"None","378290164":"None","422866862":"None"},"set_owner":"238339276","settings":{"flood_num":"5","lock_abuse":"yes","lock_all":"no","lock_arabic":"no","lock_audio":"yes","lock_bot":"yes","lock_bye":"no","lock_cmd":"yes","lock_contact":"no","lock_document":"no","lock_edit":"no","lock_english":"no","lock_flood":"yes","lock_forward":"yes","lock_gif":"no","lock_inline":"no","lock_link":"no","lock_photo":"no","lock_spam":"yes","lock_sticker":"yes","lock_strict":"no","lock_tag":"yes","lock_text":"no","lock_tgservice":"no","lock_username":"yes","lock_video":"yes","lock_wlc":"yes","set_link":"https://t.me/joinchat/CqzcXg1Sro0qFhBK-GmnuQ","show_edit":"no"}},"-1001149589469":{"moderators":[],"set_owner":"186249279","settings":{"flood_num":"5","lock_abuse":"yes","lock_all":"no","lock_arabic":"no","lock_audio":"yes","lock_bot":"no","lock_bye":"no","lock_cmd":"no","lock_contact":"no","lock_document":"no","lock_edit":"no","lock_english":"no","lock_flood":"yes","lock_forward":"yes","lock_gif":"no","lock_inline":"no","lock_link":"yes","lock_photo":"yes","lock_spam":"yes","lock_sticker":"yes","lock_strict":"no","lock_tag":"yes","lock_text":"no","lock_tgservice":"yes","lock_username":"yes","lock_video":"yes","lock_wlc":"no","show_edit":"no"}},"groups":{"-1001023340755":"-1001023340755","-1001038618297":"-1001038618297","-1001054989403":"-1001054989403","-1001055472567":"-1001055472567","-1001070656458":"-1001070656458","-1001073966582":"-1001073966582","-1001075763614":"-1001075763614","-1001076057777":"-1001076057777","-1001079506435":"-1001079506435","-1001079939980":"-1001079939980","-1001081333291":"-1001081333291","-1001081876321":"-1001081876321","-1001083539102":"-1001083539102","-1001084829547":"-1001084829547","-1001085875938":"-1001085875938","-1001087711320":"-1001087711320","-1001088579226":"-1001088579226","-1001091335050":"-1001091335050","-1001093273562":"-1001093273562","-1001096153521":"-1001096153521","-1001097174571":"-1001097174571","-1001099187195":"-1001099187195","-1001100166894":"-1001100166894","-1001101789998":"-1001101789998","-1001102306961":"-1001102306961","-1001103733385":"-1001103733385","-1001104196291":"-1001104196291","-1001106470591":"-1001106470591","-1001106513520":"-1001106513520","-1001106709893":"-1001106709893","-1001106810506":"-1001106810506","-1001107094929":"-1001107094929","-1001110523809":"-1001110523809","-1001110592769":"-1001110592769","-1001111767659":"-1001111767659","-1001112713392":"-1001112713392","-1001114073955":"-1001114073955","-1001115580598":"-1001115580598","-1001116009881":"-1001116009881","-1001116172146":"-1001116172146","-1001119186180":"-1001119186180","-1001119441796":"-1001119441796","-1001121201502":"-1001121201502","-1001121258952":"-1001121258952","-1001121326170":"-1001121326170","-1001122428917":"-1001122428917","-1001123220436":"-1001123220436","-1001123261916":"-1001123261916","-1001125581719":"-1001125581719","-1001126060162":"-1001126060162","-1001126084586":"-1001126084586","-1001128065328":"-1001128065328","-1001128199399":"-1001128199399","-1001128290885":"-1001128290885","-1001129054046":"-1001129054046","-1001129236430":"-1001129236430","-1001131720907":"-1001131720907","-1001132034052":"-1001132034052","-1001132255891":"-1001132255891","-1001132414836":"-1001132414836","-1001133682024":"-1001133682024","-1001134472284":"-1001134472284","-1001134976511":"-1001134976511","-1001135959512":"-1001135959512","-1001137129713":"-1001137129713","-1001137313524":"-1001137313524","-1001137761784":"-1001137761784","-1001139065805":"-1001139065805","-1001139434870":"-1001139434870","-1001139897318":"-1001139897318","-1001141368989":"-1001141368989","-1001141689879":"-1001141689879","-1001141926324":"-1001141926324","-1001142085512":"-1001142085512","-1001142248154":"-1001142248154","-1001142270042":"-1001142270042","-1001142987523":"-1001142987523","-1001143543831":"-1001143543831","-1001144670818":"-1001144670818","-1001144981898":"-1001144981898","-1001145152127":"-1001145152127","-1001145356548":"-1001145356548","-1001145678234":"-1001145678234","-1001146887076":"-1001146887076","-1001147519991":"-1001147519991","-1001147674443":"-1001147674443","-1001147732087":"-1001147732087","-1001148289019":"-1001148289019","-1001148332427":"-1001148332427","-1001148985795":"-1001148985795","-1001149362759":"-1001149362759","-1001149589469":"-1001149589469"}}